Judul,Prepro,Kategori,Link,Tanggal
"Babak Baru ""Drama"" Bupati Gowa: Pemakzulan Disetujui MA, Kemendagri Tunggu Langkah DPRD",babak drama bupati gowa makzul tuju ma kemendagri tunggu langkah dprd,Nasional,https://nasional.kompas.com/read/2026/10/04/11115811/babak-baru-drama-bupati-gowa-pemakzulan-disetujui-ma-kemendagri-tunggu,4 Oktober 2026
"Viral Video Keributan Remaja di Jalan Samas, Polres Bantul Amankan 13 Orang",viral video ribut remaja jalan samas polres bantul aman 13 orang,Yogyakarta,https://yogyakarta.kompas.com/read/2026/10/04/110108178/viral-video-keributan-remaja-di-jalan-samas-polres-bantul-amankan-13,4 Oktober 2026
"Wanita di Sambas Ditemukan Tewas di Kamar, Diduga Ditusuk oleh Suami",wanita sambas temu tewas kamar duga tusuk suami,Regional,https://regional.kompas.com/read/2026/10/04/104931878/wanita-di-sambas-ditemukan-tewas-di-kamar-diduga-ditusuk-oleh-suami,4 Oktober 2026
"2 Pria Diduga Mesum di Toilet Stasiun Manggarai Ditangkap Petugas, Satu Sempat Melawan",2 pria duga mesum toilet stasiun manggarai tangkap petugas melawan,Megapolitan,https://megapolitan.kompas.com/read/2026/10/04/10410701/2-pria-diduga-mesum-di-toilet-stasiun-manggarai-ditangkap-petugas-satu,4 Oktober 2026
"Kapolda NTT Irjen Rudi Darmoko Jabat Kalemdiklat Polri, Naik Pangkat Jadi Komjen",kapolda ntt irjen rudi darmoko jabat kalemdiklat polri pangkat komjen,Nasional,https://nasional.kompas.com/read/2026/10/04/10392631/kapolda-ntt-irjen-rudi-darmoko-jabat-kalemdiklat-polri-naik-pangkat-jadi,4 Oktober 2026
"INFOGRAFIK: Ini Video Acara Renang di Perancis, Bukan Korban KMP Virgo Transport 8",infografik video acara renang perancis korban kmp virgo transport 8,CEK FAKTA,https://www.kompas.com/cekfakta/read/2026/10/02/202000482/infografik--ini-video-acara-renang-di-perancis-bukan-korban-kmp-virgo,
"[KLARIFIKASI] Ini Video Kebakaran Trans Home Kalasan, Bukan Transmart Maguwoharjo",klarifikasi video bakar trans home kalas transmart maguwoharjo,CEK FAKTA,https://www.kompas.com/cekfakta/read/2026/10/02/191900182/-klarifikasi-ini-video-kebakaran-trans-home-kalasan-bukan-transmart,
[HOAKS] Video Pangkalan Udara Ukraina Hancur Diserang Rusia,hoaks video pangkal udara ukraina hancur serang rusia,CEK FAKTA,https://www.kompas.com/cekfakta/read/2026/10/02/181200582/-hoaks-video-pangkalan-udara-ukraina-hancur-diserang-rusia,
[HOAKS] Yusril Sebut Tidak Ada Aturan Wapres Dilengserkan MK,hoaks yusril atur wapres lengser mk,CEK FAKTA,https://www.kompas.com/cekfakta/read/2026/10/02/170500382/-hoaks-yusril-sebut-tidak-ada-aturan-wapres-dilengserkan-mk,
[VIDEO] Muncul Hoaks Nusron Wahid Sebut Jokowi Terima Uang Suap Rp 700 Miliar,video muncul hoaks nusron wahid jokowi terima uang suap rp 700 miliar,CEK FAKTA,https://www.kompas.com/cekfakta/read/2026/10/02/155800982/-video-muncul-hoaks-nusron-wahid-sebut-jokowi-terima-uang-suap-rp-700,
"[HOAKS] Pesawat Pelita Air Jatuh pada September 2026, Bawa Rombongan Umrah",hoaks pesawat pelita air jatuh september 2026 bawa rombong umrah,CEK FAKTA,https://www.kompas.com/cekfakta/read/2026/10/02/144900882/-hoaks-pesawat-pelita-air-jatuh-pada-september-2026-bawa-rombongan,
"[KLARIFIKASI] Ini Video Evakuasi Bayi Penumpang Kapal Cantika 77, Bukan KMP Virgo",klarifikasi video evakuasi bayi tumpang kapal cantika 77 kmp virgo,CEK FAKTA,https://www.kompas.com/cekfakta/read/2026/10/02/134200682/-klarifikasi-ini-video-evakuasi-bayi-penumpang-kapal-cantika-77-bukan,
[HOAKS] Video Tanah Bergerak di Palembang pada 30 September 2026,hoaks video tanah gerak palembang 30 september 2026,CEK FAKTA,https://www.kompas.com/cekfakta/read/2026/10/02/123600082/-hoaks-video-tanah-bergerak-di-palembang-pada-30-september-2026,
[HOAKS] Raffi Ahmad Beli Koin Rupiah Kuno Seharga Puluhan-Ratusan Juta Rupiah,hoaks raffi ahmad beli koin rupiah kuno harga puluhanratusan juta rupiah,CEK FAKTA,https://www.kompas.com/cekfakta/read/2026/10/02/112200782/-hoaks-raffi-ahmad-beli-koin-rupiah-kuno-seharga-puluhan-ratusan-juta,
[HOAKS] Tautan Pendaftaran Bantuan UMKM untuk Toko Kelontong dari Kementerian UMKM,hoaks taut daftar bantu umkm toko kelontong menteri umkm,CEK FAKTA,https://www.kompas.com/cekfakta/read/2026/10/02/104500882/-hoaks-tautan-pendaftaran-bantuan-umkm-untuk-toko-kelontong-dari,
[HOAKS] Undian Berhadiah BRI Festival September 2026,hoaks undi hadiah bri festival september 2026,CEK FAKTA,https://www.kompas.com/cekfakta/read/2026/10/02/100840482/hoaks-undian-berhadiah-bri-festival-september-2026,
"INFOGRAFIK: Hoaks Purbaya Dilantik Jadi Ketua KPK, Simak Bantahannya",infografik hoaks purbaya lantik ketua kpk simak bantah,CEK FAKTA,https://www.kompas.com/cekfakta/read/2026/10/01/204000382/infografik--hoaks-purbaya-dilantik-jadi-ketua-kpk-simak-bantahannya,
[KLARIFIKASI] Ini Video Kebakaran Permukiman di Riyadh Bukan Bandara King Khalid,klarifikasi video bakar mukim riyadh bandara king khalid,CEK FAKTA,https://www.kompas.com/cekfakta/read/2026/10/01/191000882/-klarifikasi-ini-video-kebakaran-permukiman-di-riyadh-bukan-bandara,
"Di Balik Kisah Katri, Novel dari Keluarga Penyintas Tragedi 1965...",kisah katri novel keluarga penyintas tragedi 1965,CEK FAKTA,https://www.kompas.com/cekfakta/read/2026/10/01/180000882/di-balik-kisah-katri-novel-dari-keluarga-penyintas-tragedi-1965-,
INFOGRAFIK: Konten Bangkai KMP Virgo Transport 8 Ini Rekayasa AI,infografik kontan bangkai kmp virgo transport 8 rekayasa ai,CEK FAKTA,https://www.kompas.com/cekfakta/read/2026/10/01/165200482/infografik--konten-bangkai-kmp-virgo-transport-8-ini-rekayasa-ai,
"Eks Kapolda Riau Herry Heryawan Naik Pangkat Jadi Komjen, Sempat Dijanjikan Presiden Prabowo saat Pantau Karhutla",eks kapolda riau herry heryawan pangkat komjen janji presiden prabowo pantau karhutla,Regional,https://regional.kompas.com/read/2026/10/04/103404978/eks-kapolda-riau-herry-heryawan-naik-pangkat-jadi-komjen-sempat-dijanjikan,4 Oktober 2026
Operasi Gabungan TNI-Polri Semalam di Majalengka Sita 260 Botol Miras Ilegal Siap Edar,operasi gabung tnipolri malam majalengka sita 260 botol miras ilegal edar,Bandung,https://bandung.kompas.com/read/2026/10/04/103000678/operasi-gabungan-tni-polri-semalam-di-majalengka-sita-260-botol-miras-ilegal,4 Oktober 2026
"Heboh IRT Ketahuan Curi Cincin Berlian di Medan, Modus Simpan di Tisu",heboh irt curi cincin berlian medan modus simpan tisu,Regional,https://regional.kompas.com/read/2026/10/04/102605778/heboh-irt-ketahuan-curi-cincin-berlian-di-medan-modus-simpan-di-tisu,4 Oktober 2026
"Motor Karyawan Toko Donat di Bandar Lampung Hanya Berusia Sehari karena Dicuri, Kerugian Rp 29 Juta",motor karyawan toko donat bandar lampung usia sehari curi rugi rp 29 juta,Regional,https://regional.kompas.com/read/2026/10/04/102034978/motor-karyawan-toko-donat-di-bandar-lampung-hanya-berusia-sehari-karena,4 Oktober 2026
"Prapid 3 Anggota DPRD TTU terkait Dokter Icha, Ahli Nilai Dalil soal Izin Gubernur Rapuh",prapid 3 anggota dprd ttu kait dokter icha ahli nilai dalil izin gubernur rapuh,Regional,https://regional.kompas.com/read/2026/10/04/101333278/prapid-3-anggota-dprd-ttu-terkait-dokter-icha-ahli-nilai-dalil-soal-izin,4 Oktober 2026
"Pemkot Makassar Tahan Kenaikan PBB dan NJOP hingga 2027, Warga Prasejahtera dan Veteran Dapat Diskon",pemkot makassar tahan kenaikan pbb njop 2027 warga prasejahtera veteran diskon,Makassar,https://makassar.kompas.com/read/2026/10/04/101324878/pemkot-makassar-tahan-kenaikan-pbb-dan-njop-hingga-2027-warga-prasejahtera,4 Oktober 2026
"“Enggak Punya Hiburan, Jalan-jalan Aja” Bahagianya Lansia Punya Kartu Transportasi Gratis",hibur jalanjalan aja bahagia lansia kartu transportasi gratis,Megapolitan,https://megapolitan.kompas.com/read/2026/10/04/10124461/enggak-punya-hiburan-jalan-jalan-aja-bahagianya-lansia-punya-kartu,4 Oktober 2026
"Sempat Dikabarkan Hilang, Pelajar di Pasuruan Ditemukan Tewas akibat Dipukul oleh Kerabatnya Sendiri",kabar hilang pelajar pasuruan temu tewas akibat kerabat,Regional,https://regional.kompas.com/read/2026/10/04/100303478/sempat-dikabarkan-hilang-pelajar-di-pasuruan-ditemukan-tewas-akibat-dipukul,4 Oktober 2026
Bukti Penyetaraan Bukan Ijazah: Bagaimana Nasib Gibran?,bukti penyetaraan ijazah nasib gibran,Nasional,https://nasional.kompas.com/read/2026/10/04/10000081/bukti-penyetaraan-bukan-ijazah--bagaimana-nasib-gibran-,4 Oktober 2026
"Siswi SMP di Sampang Dicabuli Kerabat hingga Alami Trauma Berat, Kakek Korban Lapor Polisi",siswi smp sampang cabul kerabat alami trauma berat kakek korban lapor polisi,Surabaya,https://surabaya.kompas.com/read/2026/10/04/095542378/siswi-smp-di-sampang-dicabuli-kerabat-hingga-alami-trauma-berat-kakek,4 Oktober 2026
"Lurah di Surabaya Diperiksa Inspektorat Terkait Dugaan Pungli, Langsung Dibebastugaskan",lurah surabaya periksa inspektorat kait duga pungli langsung dibebastugaskan,Surabaya,https://surabaya.kompas.com/read/2026/10/04/095458178/lurah-di-surabaya-diperiksa-inspektorat-terkait-dugaan-pungli-langsung,4 Oktober 2026
"Tuntut Penanganan Serius soal Hilangnya Pelajar, Ratusan Warga Prigen Pasuruan Geruduk Kantor Polsek",tuntut tangan serius hilang pelajar ratus warga prigen pasuru geruduk kantor polsek,Surabaya,https://surabaya.kompas.com/read/2026/10/04/094855678/tuntut-penanganan-serius-soal-hilangnya-pelajar-ratusan-warga-prigen,4 Oktober 2026
47.000 Tentara Rusia-China Rampungkan Latihan Militer Gabungan,47000 tentara rusiachina rampung latih militer gabung,Video,https://video.kompas.com/watch/1958863/47000-tentara-rusia-china-rampungkan-latihan-militer-gabungan,4 Oktober 2026
"Sambut Kedatangan Menhan, Bupati Nunukan Sampaikan Enam Masalah Krusial di Perbatasan RI - Malaysia",sambut menhan bupati tunu enam krusial batas ri malaysia,Regional,https://regional.kompas.com/read/2026/10/04/094425478/sambut-kedatangan-menhan-bupati-nunukan-sampaikan-enam-masalah-krusial-di,4 Oktober 2026
Dede Sunandar Dilarikan ke RS Usai Terkapar Ditinju Vicky Prasetyo,dede sunandar lari rs kapar tinju vicky prasetyo,Entertainment,https://entertainment.kompas.com/read/2026/10/04/102721266/dede-sunandar-dilarikan-ke-rs-usai-terkapar-ditinju-vicky-prasetyo,4 Oktober 2026
"Dede Sunandar Terkapar di Pertandingan Tinju, Ini Kronologinya",dede sunandar kapar tanding tinju kronologi,Entertainment,https://entertainment.kompas.com/read/2026/10/04/091545766/dede-sunandar-terkapar-di-pertandingan-tinju-ini-kronologinya,
"Rundown Indonesia Comic-Con Hari Kedua, Ada Mackenyu di Sesi Beyond Zoro",rundown indonesia comiccon mackenyu sesi beyond zoro,Hits,https://www.kompas.com/hype/read/2026/10/04/090018966/rundown-indonesia-comic-con-hari-kedua-ada-mackenyu-di-sesi-beyond-zoro,
Andien Energik Bareng Diskoria di The Papandayan Jazz Fest 2026,andien energik bareng diskoria the papandayan jazz fest 2026,Musik,https://www.kompas.com/hype/read/2026/10/04/082816266/andien-energik-bareng-diskoria-di-the-papandayan-jazz-fest-2026,
"Konser Brian McKnight Batal, MEG Entertainment Janjikan Refund dalam 90 Hari Kerja",konser brian mcknight batal meg entertainment janji refund 90 kerja,Entertainment,https://entertainment.kompas.com/read/2026/10/04/080232766/konser-brian-mcknight-batal-meg-entertainment-janjikan-refund-dalam-90,
"Bilal Indrajaya Ungkap Cikal Bakal Bermusik, Gara-gara Koes Plus",bilal indrajaya cikal musik garagara koes plus,Musik,https://www.kompas.com/hype/read/2026/10/03/222705866/bilal-indrajaya-ungkap-cikal-bakal-bermusik-gara-gara-koes-plus,
Bimbo Dapat Lifetime Achievement Award di The Papandayan Jazz Fest 2026,bimbo lifetime achievement award the papanday jazz fest 2026,Musik,https://www.kompas.com/hype/read/2026/10/03/213959866/bimbo-dapat-lifetime-achievement-award-di-the-papandayan-jazz-fest-2026,
"Azka Corbuzier Debut Akting Lewat Film Home, Almost, Siap Tayang Perdana di New York",azka corbuzier debut akting film home almost tayang perdana new york,Entertainment,https://entertainment.kompas.com/read/2026/10/03/211400966/azka-corbuzier-debut-akting-lewat-film-home-almost-siap-tayang-perdana,
"Beranjak Remaja, Sosok Putri Barbie Hsu Curi Perhatian",anjak remaja sosok putri barbie hsu curi perhati,Entertainment,https://entertainment.kompas.com/read/2026/10/03/195906166/beranjak-remaja-sosok-putri-barbie-hsu-curi-perhatian,
Kemeriahan Hari Pertama Synchronize Fest 2025,meriah synchronize fest 2025,,https://foto.kompas.com/photo/read/2025/10/04/17595106620f3/kemeriahan.hari.pertama.synchronize.fest.2025,
Kemeriahan Pestapora 2025,meriah pestapora 2025,,https://foto.kompas.com/photo/read/2025/09/07/17572394361d8/kemeriahan.pestapora.2025,
Penampilan Siti Nurhaliza di Pestapora 2025,tampil siti nurhaliza pestapora 2025,,https://foto.kompas.com/photo/read/2025/09/07/17572378366f2/penampilan.siti.nurhaliza.di.pestapora.2025,
Aksi Panggung Chris Martin,aksi panggung chris martin,,https://foto.kompas.com/photo/read/2023/11/16/1700073147246/aksi.panggung.chris.martin.,
Meriah! Konser Coldplay di Jakarta,meriah konser coldplay jakarta,,https://foto.kompas.com/photo/read/2023/11/16/1700070445a85/meriah.konser.coldplay.di.jakarta.,
Alvin Jonathan Juarai X Factor Indonesia 2022,alvin jonathan juara x factor indonesia 2022,,https://foto.kompas.com/photo/read/2022/04/18/165029510954c/alvin.jonathan.juarai.x.factor.indonesia.2022,
Hakim Tolak Eksepsi Adam Deni,hakim tolak eksepsi adam deni,,https://foto.kompas.com/photo/read/2022/03/30/16485777234ef/hakim.tolak.eksepsi.adam.deni,
Roby Geisha Tiga Kali Terjerat Kasus Narkoba,roby geisha kali jerat narkoba,,https://foto.kompas.com/photo/read/2022/03/22/1647917781c68/roby.geisha.tiga.kali.terjerat.kasus.narkoba,
Ardhito Pramono Berbaju Tahanan Usai Terjerat Kasus Narkoba,ardhito pramono baju tahan jerat menarkoba,,https://foto.kompas.com/photo/read/2022/01/13/1642080146b23/ardhito.pramono.berbaju.tahanan.usai.terjerat.kasus.narkoba,
Aksi The Brandals Hentak Panggung Nge-Gigs,aksi the brandals hentak panggung ngegigs,,https://foto.kompas.com/photo/read/2021/12/07/163887053053c/aksi.the.brandals.hentak.panggung.ngegigs,
Rekonstruksi Kewajiban Pro Bono Mandatori bagi Advokat,rekonstruksi wajib pro bono mandatori advokat,Analisis,https://www.kompas.com/konsultasihukum/read/2026/09/29/143500580/rekonstruksi-kewajiban-pro-bono-mandatori-bagi-advokat,29 September 2026
Dramaturgi Upaya Hukum Banding terhadap Putusan Bebas,dramaturgi upaya hukum banding hadap putus bebas,Analisis,https://www.kompas.com/konsultasihukum/read/2026/09/04/153300180/dramaturgi-upaya-hukum-banding-terhadap-putusan-bebas,
"Aneh, Sanksi Pasal 474 Lebih Berat daripada Pasal 462 KUHP",aneh sanksi pasal 474 berat pasal 462 kuhp,Analisis,https://www.kompas.com/konsultasihukum/read/2026/09/01/152800280/aneh-sanksi-pasal-474-lebih-berat-daripada-pasal-462-kuhp,
Saksi Mahkota di KUHAP Baru: Antara Senjata Ampuh dan Alat Rekayasa,saksi mahkota kuhap senjata ampuh alat rekayasa,Analisis,https://www.kompas.com/konsultasihukum/read/2026/08/21/172000780/saksi-mahkota-di-kuhap-baru--antara-senjata-ampuh-dan-alat,
Menyesatkan Hakim dengan Profil Kepribadian Terdakwa,sesat hakim profil pribadi dakwa,Analisis,https://www.kompas.com/konsultasihukum/read/2026/05/29/145000880/menyesatkan-hakim-dengan-profil-kepribadian-terdakwa,
Kisah Perempuan di Medan Berdamai dengan Kondisi Langka MRKH,kisah perempuan medan damai kondisi langka mrkh,Medan,https://medan.kompas.com/read/2026/10/04/091526278/kisah-perempuan-di-medan-berdamai-dengan-kondisi-langka-mrkh,4 Oktober 2026
"Jalur Pendakian Senaru Gunung Rinjani Kembali Dibuka Usai Kebakaran, Ini Syarat Ketat dari TNGR",jalur daki senaru gunung rinjani buka bakar syarat ketat tngr,Regional,https://regional.kompas.com/read/2026/10/04/091146478/jalur-pendakian-senaru-gunung-rinjani-kembali-dibuka-usai-kebakaran-ini,4 Oktober 2026
"Pastikan Aman, Pakubuwono XIV Hangabehi Kunjungi Jemaah Haul Solo di Tenda-tenda Kawasan Alun-alun Utara Keraton",aman pakubuwono xiv hangabehi kunjung jemaah haul solo tendatenda kawasan alunalun utara keraton,Regional,https://regional.kompas.com/read/2026/10/04/090554278/pastikan-aman-pakubuwono-xiv-hangabehi-kunjungi-jemaah-haul-solo-di-tenda,4 Oktober 2026
"Kasus Influenza A di Tangerang Melonjak hingga 30.000, Ini Penyebabnya",influenza a tangerang lonjak 30000 penyebabnya,Megapolitan,https://megapolitan.kompas.com/read/2026/10/04/09044361/kasus-influenza-a-di-tangerang-melonjak-hingga-30000-ini-penyebabnya,4 Oktober 2026
"Ancaman Gelombang 2,5 Meter di Sulbar, BMKG Imbau Nelayan Tak Melaut Dulu di 6 Titik Perairan Ini",ancam gelombang 25 meter sulbar bmkg imbau nelayan laut 6 titik air,Regional,https://regional.kompas.com/read/2026/10/04/090230678/ancaman-gelombang-25-meter-di-sulbar-bmkg-imbau-nelayan-tak-melaut-dulu-di,4 Oktober 2026
Panglima Tinjau Langsung Persiapan Upacara HUT Ke-81 TNI di Cilangkap,panglima tinjau langsung upacara hut ke81 tni cilangkap,Nasional,https://nasional.kompas.com/read/2026/10/04/08570091/panglima-tinjau-langsung-persiapan-upacara-hut-ke-81-tni-di-cilangkap,4 Oktober 2026
"68.000 KK di Mataram NTB Ajukan Sanggahan Data Perlinsos, Koreksi Status Desil Bansos",68000 kk mataram ntb aju sanggah data perlinsos koreksi status desil bansos,Regional,https://regional.kompas.com/read/2026/10/04/085500678/68.000-kk-di-mataram-ntb-ajukan-sanggahan-data-perlinsos-koreksi-status,4 Oktober 2026
"Gempa M 5,9 Guncang Sumba Barat Daya NTT, Dirasakan hingga NTB",gempa m 59 guncang sumba barat daya ntt ntb,Regional,https://regional.kompas.com/read/2026/10/04/085404178/gempa-m-59-guncang-sumba-barat-daya-ntt-dirasakan-hingga-ntb,4 Oktober 2026
Gubernur BI Ungkap Potensi Kelor NTT yang Sudah Dilirik Jepang,gubernur bi potensi kelor ntt lirik jepang,Regional,https://regional.kompas.com/read/2026/10/04/084939378/gubernur-bi-ungkap-potensi-kelor-ntt-yang-sudah-dilirik-jepang,4 Oktober 2026
Anwar Usman: Paman di Ruang Pertimbangan,anwar usman paman ruang timbang,Nasional,https://nasional.kompas.com/read/2026/10/04/08400031/anwar-usman--paman-di-ruang-pertimbangan,4 Oktober 2026
"Dua Gempa Besar dalam 42 Menit Guncang Aceh dan NTT Minggu Pagi, Pakar: Tak Saling Terkait",gempa 42 menit guncang acah ntt minggu pagi pakar kait,Regional,https://regional.kompas.com/read/2026/10/04/082500178/dua-gempa-besar-dalam-42-menit-guncang-aceh-dan-ntt-minggu-pagi-pakar-tak,4 Oktober 2026
"Ada Proyek MRT Fase 2, Lalin Gajah Mada-Hayam Wuruk Direkayasa 4 Oktober hingga Maret 2027",proyek mrt fase 2 lalin gajah madahayam wuruk rekayasa 4 oktober maret 2027,Megapolitan,https://megapolitan.kompas.com/read/2026/10/04/08062791/ada-proyek-mrt-fase-2-lalin-gajah-mada-hayam-wuruk-direkayasa-4-oktober,4 Oktober 2026
"Pemprov Sumsel Gratiskan Pengobatan ISPA Akibat Kabut Asap, RS Bisa Tagih ke Pemprov",pemprov sumsel gratis obat ispa akibat kabut asap rs tagih pemprov,Regional,https://regional.kompas.com/read/2026/10/04/080000178/pemprov-sumsel-gratiskan-pengobatan-ispa-akibat-kabut-asap-rs-bisa-tagih-ke,4 Oktober 2026
Wantimpres dan Jebakan Politik Akomodatif,wantimpres jebakan politik akomodatif,Nasional,https://nasional.kompas.com/read/2026/10/04/07500091/wantimpres-dan-jebakan-politik-akomodatif,4 Oktober 2026
"Gempa M 5,7 Guncang Calang Aceh Jaya Tak Berpotensi Tsunami, BMKG Catat Aktivitas Subduksi Lempeng",gempa m 57 guncang calang acah jaya potensi tsunami bmkg catat aktivitas subduksi lempeng,Regional,https://regional.kompas.com/read/2026/10/04/074450878/gempa-m-57-guncang-calang-aceh-jaya-tak-berpotensi-tsunami-bmkg-catat,4 Oktober 2026
PAM Jaya Perbaiki Pipa Bocor Penyebab Jalan Hang Jebat Jaksel Tergenang,pam jaya pipa bocor penyebab jalan hang jebat jaksel genang,Megapolitan,https://megapolitan.kompas.com/read/2026/10/04/07423631/pam-jaya-perbaiki-pipa-bocor-penyebab-jalan-hang-jebat-jaksel-tergenang,4 Oktober 2026
"Satu Jenazah Korban KM Virgo Dipulangkan ke Karangpawitan, 9 Warga Garut Masih Hilang",jenazah korban km virgo pulang karangpawitan 9 warga garut hilang,Bandung,https://bandung.kompas.com/read/2026/10/04/074000378/satu-jenazah-korban-km-virgo-dipulangkan-ke-karangpawitan-9-warga-garut,4 Oktober 2026
"Buka-bukaan Kepala BGN: Yayasan ""Palak"" Dapur MBG, Bakal Ditindak Tegas",bukabukaan kepala bgn yayasan palak dapur mbg tindak,Nasional,https://nasional.kompas.com/read/2026/10/04/07320791/buka-bukaan-kepala-bgn-yayasan-palak-dapur-mbg-bakal-ditindak-tegas,4 Oktober 2026
"Angin Kencang di Sukabumi, Beringin Berusia 42 Tahun Tumbang dan Timpa Atap Kantor Kecamatan",angin kencang sukabumi beringin usia 42 tumbang timpa atap kantor camat,Regional,https://regional.kompas.com/read/2026/10/04/073203478/angin-kencang-di-sukabumi-beringin-berusia-42-tahun-tumbang-dan-timpa-atap,4 Oktober 2026
"Jejak Koperasi Merah Putih Tutup di Depok, Terkendala Modal hingga Ditinggal Ketua",jejak koperasi merah putih tutup depok kendala modal tinggal ketua,Megapolitan,https://megapolitan.kompas.com/read/2026/10/04/07291351/jejak-koperasi-merah-putih-tutup-di-depok-terkendala-modal-hingga,4 Oktober 2026
"Gempa Magnitudo 6,1 Guncang Sumba Barat Daya NTT, BMKG: Tidak Berpotensi Tsunami",gempa magnitudo 61 guncang sumba barat daya ntt bmkg potensi tsunami,Regional,https://regional.kompas.com/read/2026/10/04/072715378/gempa-magnitudo-61-guncang-sumba-barat-daya-ntt-bmkg-tidak-berpotensi,4 Oktober 2026
Khofifah Ungkap 25 Daerah Terdampak Kekeringan di Jatim Ajukan Bantuan Air Bersih,khofifah 25 daerah dampak kering jatim aju bantu air bersih,Surabaya,https://surabaya.kompas.com/read/2026/10/04/072000178/khofifah-ungkap-25-daerah-terdampak-kekeringan-di-jatim-ajukan-bantuan-air,4 Oktober 2026
"Terdakwa Kasus Begal di Situbondo Meninggal Dunia, Rutan: Sempat Dirawat di Rumah Sakit",dakwa begal situbondo tinggal dunia rutan rawat rumah sakit,Regional,https://regional.kompas.com/read/2026/10/04/071829578/terdakwa-kasus-begal-di-situbondo-meninggal-dunia-rutan-sempat-dirawat-di,4 Oktober 2026
Manuver Kapolri Suyudi Rombak Jajaran Polri Era Listyo Sigit...,manuver kapolri suyudi rombak jajar polri era listyo sigit,Nasional,https://nasional.kompas.com/read/2026/10/04/07120991/manuver-kapolri-suyudi-rombak-jajaran-polri-era-listyo-sigit,4 Oktober 2026
"TNWK Sebut Kemungkinan Ada Aktor Lain di Balik Kebakaran, Bukan Sekadar Pemburu",tnwk aktor bakar kadar buru,Regional,https://regional.kompas.com/read/2026/10/04/071146378/tnwk-sebut-kemungkinan-ada-aktor-lain-di-balik-kebakaran-bukan-sekadar,4 Oktober 2026
Mengintip Isi Balai Kota Jakarta yang Kini Terbuka untuk Warga,intip isi balai kota jakarta buka warga,Megapolitan,https://megapolitan.kompas.com/read/2026/10/04/07075821/mengintip-isi-balai-kota-jakarta-yang-kini-terbuka-untuk-warga,4 Oktober 2026
Dua Matahari Menjelang 2029,matahari jelang 2029,Nasional,https://nasional.kompas.com/read/2026/10/04/07030071/dua-matahari-menjelang-2029,4 Oktober 2026
"Proyek Data Center AI Rp 3,5 Triliun Disetop, Dedi Mulyadi Sebut Konsultan Lalai",proyek data center ai rp 35 triliun setop dedi mulyadi konsultan lalai,Bandung,https://bandung.kompas.com/read/2026/10/04/070000778/proyek-data-center-ai-rp-3-5-triliun-disetop-dedi-mulyadi-sebut-konsultan,4 Oktober 2026
"Solo Kelebihan Jukir, Jumlahnya 3 Kali Lipat Lebih Banyak dari Lahan Parkir",solo jukir 3 kali lipat lahan parkir,Regional,https://regional.kompas.com/read/2026/10/04/070000578/solo-kelebihan-jukir-jumlahnya-3-kali-lipat-lebih-banyak-dari-lahan-parkir,4 Oktober 2026
"Disimpan Sejak 1991, Andarias Warga Tana Toraja Temukan Benda Diduga Fosil Kayu Saat Bangun Rumah",disimpan 1991 andarias warga tana toraja temu benda duga fosil kayu bangun rumah,Makassar,https://makassar.kompas.com/read/2026/10/04/063959978/disimpan-sejak-1991-andarias-warga-tana-toraja-temukan-benda-diduga-fosil,4 Oktober 2026
"Detik-detik Eskalator Stasiun Duri Mendadak Mundur, Penumpang Bertabrakan hingga Terluka",detikdetik eskalator stasiun duri dadak mundur tumpang bertabrakan luka,Megapolitan,https://megapolitan.kompas.com/read/2026/10/04/06363671/detik-detik-eskalator-stasiun-duri-mendadak-mundur-penumpang-bertabrakan,4 Oktober 2026
"Kapolri Mutasi Sejumlah Perwira Tinggi, Kapolda Sulsel Dijabat Putra Makassar",kapolr mutasi perwira kapolda sulsel jabat putra memakassar,Makassar,https://makassar.kompas.com/read/2026/10/04/063159778/kapolri-mutasi-sejumlah-perwira-tinggi-kapolda-sulsel-dijabat-putra,4 Oktober 2026
"Pemulihan Pascabanjir Bandang Belum Tuntas, Solok Perpanjang Tanggap Darurat hingga 12 Oktober",pulih pascabanjir bandang tuntas solok tanggap darurat 12 oktober,Regional,https://regional.kompas.com/read/2026/10/04/063000178/pemulihan-pascabanjir-bandang-belum-tuntas-solok-perpanjang-tanggap-darurat,4 Oktober 2026
Kenapa Dedi Mulyadi Sidak Data Center BDx di Purwakarta? Ini Alasannya,dedi memulyad sidak data center bdx purwakarta alas,Bandung,https://bandung.kompas.com/read/2026/10/04/061806678/kenapa-dedi-mulyadi-sidak-data-center-bdx-di-purwakarta-ini-alasannya,4 Oktober 2026
Melihat Kepatuhan Operator agar Sisa Kuota Internet Tidak Hangus,lihat patuh operator sisa kuota internat hangus,Nasional,https://nasional.kompas.com/read/2026/10/04/06161311/melihat-kepatuhan-operator-agar-sisa-kuota-internet-tidak-hangus,4 Oktober 2026
"Penyelaman Tak Lagi Efektif, Basarnas Tunggu Proses Operasi Salvage Kapal Virgo",penyelaman efektif basarnas tunggu proses operasi salvage kapal virgo,Regional,https://regional.kompas.com/read/2026/10/04/060000978/penyelaman-tak-lagi-efektif-basarnas-tunggu-proses-operasi-salvage-kapal,4 Oktober 2026
Mengapa Presiden Terus Cari Kepala Komunikasi yang Tepat?,presiden cari kepala komunikasi,Nasional,https://nasional.kompas.com/read/2026/10/04/06000081/mengapa-presiden-terus-cari-kepala-komunikasi-yang-tepat-,4 Oktober 2026
"Karhutla  Kembali Terjadi di Mamasa, Api Mendekati SPBU dan Gereja",karhutla mamasa api spbu gereja,Regional,https://regional.kompas.com/read/2026/10/03/224438078/karhutla-kembali-terjadi-di-mamasa-api-mendekati-spbu-dan-gereja,3 Oktober 2026
Wakil Bupati Negekeo NTT Gonzalo Muga Meninggal Dunia,wakil bupati negekeo ntt gonzalo muga tinggal dunia,Regional,https://regional.kompas.com/read/2026/10/03/222805478/wakil-bupati-negekeo-ntt-gonzalo-muga-meninggal-dunia,3 Oktober 2026
"Dari 63 Koperasi Kelurahan Merah Putih di Depok, Baru 1 yang Dibangun",63 koperasi lurah merah putih depok 1 bangun,Megapolitan,https://megapolitan.kompas.com/read/2026/10/03/22104531/dari-63-koperasi-kelurahan-merah-putih-di-depok-baru-1-yang-dibangun,3 Oktober 2026
Kapolri Suyudi Minta Pejabat Baru Polri Segera Beradaptasi dan Lanjutkan Program,kapolr suyud pejabat polri adaptasi program,Nasional,https://nasional.kompas.com/read/2026/10/03/22093551/kapolri-suyudi-minta-pejabat-baru-polri-segera-beradaptasi-dan-lanjutkan,3 Oktober 2026
"Kabut Asap Jambi Mulai Menipis, Kualitas Udara Masih Tidak Sehat",kabut asap jambi nipis kualitas udara sehat,Regional,https://regional.kompas.com/read/2026/10/03/215007778/kabut-asap-jambi-mulai-menipis-kualitas-udara-masih-tidak-sehat,3 Oktober 2026
"Masih Umrah, Irjen Dadang Hartanto Belum Dilantik Kapolri Jadi Kapolda Metro",umrah irjen dadang hartanto lantik kapolr kapolda metro,Nasional,https://nasional.kompas.com/read/2026/10/03/21452051/masih-umrah-irjen-dadang-hartanto-belum-dilantik-kapolri-jadi-kapolda-metro,3 Oktober 2026
"Masih Ada 55 Penumpang Hilang, Operasi Pencarian Korban KM Virgo Dilanjutkan",55 tumpang hilang operasi cari korban km virgo,Regional,https://regional.kompas.com/read/2026/10/03/213133778/masih-ada-55-penumpang-hilang-operasi-pencarian-korban-km-virgo-dilanjutkan,3 Oktober 2026
Penyebab Banyak Koperasi Merah Putih di Depok Belum Beroperasi Terungkap,penyebab koperasi merah putih depok operasi,Megapolitan,https://megapolitan.kompas.com/read/2026/10/03/21243621/penyebab-banyak-koperasi-merah-putih-di-depok-belum-beroperasi-terungkap,3 Oktober 2026
Cerita Gubernur BI Berburu Tenun NTT hingga Dini Hari,cerita gubernur bi buru tenun ntt,Regional,https://regional.kompas.com/read/2026/10/03/210616778/cerita-gubernur-bi-berburu-tenun-ntt-hingga-dini-hari,3 Oktober 2026
"Nasib Penumpang Usai Eskalator Stasiun Duri Mendadak Mundur, 2 Masih Dirawat di RS",nasib tumpang eskalator stasiun duri dadak mundur 2 rawat rs,Megapolitan,https://megapolitan.kompas.com/read/2026/10/03/20552851/nasib-penumpang-usai-eskalator-stasiun-duri-mendadak-mundur-2-masih,3 Oktober 2026
Kapolri Suyudi Diminta Pastikan Laporan Masyarakat Tak Berakhir Tanpa Kabar,kapolr suyud lapor masyarakat kabar,Nasional,https://nasional.kompas.com/read/2026/10/03/20503311/kapolri-suyudi-diminta-pastikan-laporan-masyarakat-tak-berakhir-tanpa-kabar,3 Oktober 2026
"Oknum TNI di Maluku Jadi DPO, Diduga Terima Rp 112 Juta dalam Kasus Calo Penerimaan Prajurit",oknum tni malu dpo duga terima rp 112 juta calo terima prajurit,Regional,https://regional.kompas.com/read/2026/10/03/204947478/oknum-tni-di-maluku-jadi-dpo-diduga-terima-rp-112-juta-dalam-kasus-calo,3 Oktober 2026
"Kawat 21 Cm Tertinggal di Jantung Pasien, Keluarga Soroti Penanganan RSUD AWS Samarinda",kawat 21 cm tinggal jantung pasien keluarga sorot tangan rsud aws samarinda,Regional,https://regional.kompas.com/read/2026/10/03/204351378/kawat-21-cm-tertinggal-di-jantung-pasien-keluarga-soroti-penanganan-rsud,3 Oktober 2026
"3 Perantau Penasaran Isi Balai Kota Jakarta, Ikut Tur Namu Balai Kota",3 rantau penasaran isi balai kota jakarta tur namu balai kota,Megapolitan,https://megapolitan.kompas.com/read/2026/10/03/20324481/3-perantau-penasaran-isi-balai-kota-jakarta-ikut-tur-namu-balai-kota,3 Oktober 2026
"Kasus Dugaan Pungli Alkid Yogyakarta Dihentikan, Polisi: Tak Ada Unsur Pemerasan, Parkir Rp 6 Juta Hasil Kesepakatan",duga pungli alkid yogyakarta henti polisi unsur peras parkir rp 6 juta hasil sepakat,Yogyakarta,https://yogyakarta.kompas.com/read/2026/10/03/203047678/kasus-dugaan-pungli-alkid-yogyakarta-dihentikan-polisi-tak-ada-unsur,3 Oktober 2026
"Anak Gajah Mati di Kebun Karet Jambi, Gakkum Dalami Dugaan Kelalaian",anak gajah mati kebun karet jambi gakkum duga lalai,Regional,https://regional.kompas.com/read/2026/10/03/202929478/anak-gajah-mati-di-kebun-karet-jambi-gakkum-dalami-dugaan-kelalaian,3 Oktober 2026
"Jasa Raharja Terus Bergerak, Tiga Ahli Waris Korban KM Virgo Terima Santunan di Jawa Timur",jasa raharja gerak ahli waris korban km virgo terima santun jawa timur,Nasional,https://nasional.kompas.com/read/2026/10/03/20162761/jasa-raharja-terus-bergerak-tiga-ahli-waris-korban-km-virgo-terima-santunan,3 Oktober 2026
"Abu Bakar Ba'asyir Masih Jalani Pemulihan di Rumah Sakit, Belum Diperbolehkan Pulang",abu bakar baasyir jalan pulih rumah sakit pulang,Regional,https://regional.kompas.com/read/2026/10/03/201028478/abu-bakar-baasyir-masih-jalani-pemulihan-di-rumah-sakit-belum-diperbolehkan,3 Oktober 2026
"Anggota DPRD DIY Lisman Puja Kesuma Meninggal Dunia, Sempat Alami Serangan Jantung Saat Operasi Sinus",anggota dprd diy lisman puja kesuma tinggal dunia alami serang jantung operasi sinus,Yogyakarta,https://yogyakarta.kompas.com/read/2026/10/03/200632478/anggota-dprd-diy-lisman-puja-kesuma-meninggal-dunia-sempat-alami-serangan,3 Oktober 2026
"Khofifah Tanam 4 Jenis Pohon di Malang, Apa Alasannya?",khofifah tanam 4 jenis pohon malang alas,Surabaya,https://surabaya.kompas.com/read/2026/10/03/195833678/khofifah-tanam-4-jenis-pohon-di-malang-apa-alasannya,3 Oktober 2026
"Peternak Lamongan Bikin Mesin Penetas Telur Rp 300.000, Bisa Pakai Power Bank",peternak lamongan bikin mesin tetas telur rp 300000 pakai power bank,Surabaya,https://surabaya.kompas.com/read/2026/10/03/195631478/peternak-lamongan-bikin-mesin-penetas-telur-rp-300000-bisa-pakai-power-bank,3 Oktober 2026
"Alasan Kapolri Gerak Cepat Rombak Pejabat Polri Usai Dilantik, Karopenmas: Jawab Tantangan Masyarakat",alas kapolr gerak cepat rombak pejabat polri lantik karopenmas tantang masyarakat,Nasional,https://nasional.kompas.com/read/2026/10/03/19562781/alasan-kapolri-gerak-cepat-rombak-pejabat-polri-usai-dilantik-karopenmas,3 Oktober 2026
Pekerja Tertimbun Tanah dan Batu Saat Perbaiki Dinding Penahan Sungai di Bandung,pekerja timbun tanah batu dinding penahan sungai bandung,Bandung,https://bandung.kompas.com/read/2026/10/03/195117378/pekerja-tertimbun-tanah-dan-batu-saat-perbaiki-dinding-penahan-sungai-di,3 Oktober 2026
"Profil Irjen Totok Suharyanto, Kapolda Baru Sulbar dengan Rekam Jejak Penindakan Korupsi",profil irjen totok suharyanto kapolda sulbar rekam jejak penindakan korupsi,Regional,https://regional.kompas.com/read/2026/10/03/194605078/profil-irjen-totok-suharyanto-kapolda-baru-sulbar-dengan-rekam-jejak,3 Oktober 2026
"Baru Sebulan Mengontrak di Antapani, Terduga Teroris Ditangkap Polisi",sebulan kontrak antapani duga teroris tangkap polisi,Bandung,https://bandung.kompas.com/read/2026/10/03/194435578/baru-sebulan-mengontrak-di-antapani-terduga-teroris-ditangkap-polisi,3 Oktober 2026
"Komisi III DPR Kunjungi Kediaman Kapolri Suyudi, Habiburokhman: Ini Tradisi",komisi iii dpr kunjung diam kapolr suyud habiburokhman tradisi,Nasional,https://nasional.kompas.com/read/2026/10/03/19441491/komisi-iii-dpr-kunjungi-kediaman-kapolri-suyudi-habiburokhman-ini-tradisi,3 Oktober 2026
"Batik Berlayar di Sungai Kalimas, Cara Kreatif Kenalkan Warisan Nusantara di Surabaya",batik layar sungai kalimas kreatif kenal waris nusantara surabaya,Surabaya,https://surabaya.kompas.com/read/2026/10/03/194006578/batik-berlayar-di-sungai-kalimas-cara-kreatif-kenalkan-warisan-nusantara-di,3 Oktober 2026
"Kapolri Suyudi Bakal Lantik 27 Pejabat Polri Malam Ini, Termasuk 19 Kapolda",kapolr suyud lantik 27 pejabat polri malam masuk 19 kapolda,Nasional,https://nasional.kompas.com/read/2026/10/03/19334981/kapolri-suyudi-bakal-lantik-27-pejabat-polri-malam-ini-termasuk-19-kapolda,3 Oktober 2026
"Asap Masih Selimuti Pulau Buton, Melebar hingga ke Kendari",asap selimut pulau buton lebar kendari,Regional,https://regional.kompas.com/read/2026/10/03/193212578/asap-masih-selimuti-pulau-buton-melebar-hingga-ke-kendari,3 Oktober 2026
"Bangkai Paus 8 Meter Terdampar di Mamuju, Bau Menyengat Resahkan Warga",bangkai paus 8 meter dampar mamuju bau sengat resah warga,Regional,https://regional.kompas.com/read/2026/10/03/192554478/bangkai-paus-8-meter-terdampar-di-mamuju-bau-menyengat-resahkan-warga,3 Oktober 2026
Viral Pedagang Tahu Diduga Dianiaya Sekelompok Orang di Depan USU,viral pedagang duga aniaya kelompok orang usu,Medan,https://medan.kompas.com/read/2026/10/03/192319078/viral-pedagang-tahu-diduga-dianiaya-sekelompok-orang-di-depan-usu,3 Oktober 2026
"Sebelum Meninggal, Siswa SD di Pemalang Sempat Sebut 3 Anak yang Diduga Merundungnya",tinggal siswa sd malang 3 anak duga rundung,Regional,https://regional.kompas.com/read/2026/10/03/191048778/sebelum-meninggal-siswa-sd-di-pemalang-sempat-sebut-3-anak-yang-diduga,3 Oktober 2026
"Pendaki Terjebak Kebakaran di Gunung Gamalama Ternate, Dievakuasi Tim SAR",daki jebak bakar gunung gamalama ternate evakuasi tim sar,Regional,https://regional.kompas.com/read/2026/10/03/190938378/pendaki-terjebak-kebakaran-di-gunung-gamalama-ternate-dievakuasi-tim-sar,3 Oktober 2026
"Air Sungai Batanghari Keruh, 38.000 Pelanggan PDAM Jambi Terdampak",air sungai batanghari keruh 38000 pelanggan pdam jambi dampak,Regional,https://regional.kompas.com/read/2026/10/03/185622578/air-sungai-batanghari-keruh-38000-pelanggan-pdam-jambi-terdampak,3 Oktober 2026
Penyebab Eskalator Stasiun Duri Mundur hingga Lukai 12 Orang Belum Terungkap,penyebab eskalator stasiun duri mundur lukai 12 orang,Megapolitan,https://megapolitan.kompas.com/read/2026/10/03/18541471/penyebab-eskalator-stasiun-duri-mundur-hingga-lukai-12-orang-belum,3 Oktober 2026
"Punya Riwayat Asma, Warga Palembang Meninggal Usai Sesak Saat Kabut Asap Pekat",riwayat asma warga palembang tinggal sesak kabut asap pekat,Regional,https://regional.kompas.com/read/2026/10/03/184909178/punya-riwayat-asma-warga-palembang-meninggal-usai-sesak-saat-kabut-asap,3 Oktober 2026
Anggota DPRD DIY Lisman Puja Kesuma Meninggal Dunia Saat Operasi Sinus di Jakarta,anggota dprd diy lism puja kesuma tinggal dunia operasi sinus jakarta,Yogyakarta,https://yogyakarta.kompas.com/read/2026/10/03/184314678/anggota-dprd-diy-lisman-puja-kesuma-meninggal-dunia-saat-operasi-sinus-di,3 Oktober 2026
"Perempuan Diduga Dijambret di Tambora, Bajunya Robek",perempuan duga jambret tambora baju robek,Megapolitan,https://megapolitan.kompas.com/read/2026/10/03/18391991/perempuan-diduga-dijambret-di-tambora-bajunya-robek,3 Oktober 2026
Kalapas Perempuan Bandung Jelaskan soal Wacana Bilik Keluarga dan Alat Bantu Seksual: Masih Dikaji,kalapas perempuan bandung wacana bilik keluarga alat bantu seksual kaji,Bandung,https://bandung.kompas.com/read/2026/10/03/183339978/kalapas-perempuan-bandung-jelaskan-soal-wacana-bilik-keluarga-dan-alat-bantu,3 Oktober 2026
"Eskalator Stasiun Duri Mendadak Mundur, Penumpang Saling Bertubrukan",eskalator stasiun duri dadak mundur tumpang bertubrukan,Megapolitan,https://megapolitan.kompas.com/read/2026/10/03/18315241/eskalator-stasiun-duri-mendadak-mundur-penumpang-saling-bertubrukan,3 Oktober 2026
"Polisi Gianyar Diduga Jual Senpi Ilegal Rp 30 Juta, Propam Turun Tangan",polisi gianyar duga jual senpi ilegal rp 30 juta propam turun tangan,Denpasar,https://denpasar.kompas.com/read/2026/10/03/182438078/polisi-gianyar-diduga-jual-senpi-ilegal-rp-30-juta-propam-turun-tangan,3 Oktober 2026
"BGN Bakal ""Cut Off"" Yayasan yang Pungut Setoran ke Mitra Dapur MBG",bgn cut off yayasan pungut setor mitra dapur mbg,Nasional,https://nasional.kompas.com/read/2026/10/03/18241291/bgn-bakal-cut-off-yayasan-yang-pungut-setoran-ke-mitra-dapur-mbg,3 Oktober 2026
"Bupati Bulungan Percepat Pembangunan Infrastruktur di Bunyu, Ada Pengaspalan Jalan 2,8 Km",bupati bulungan cepat bangun infrastruktur bunyu aspal jalan 28 km,Regional,https://regional.kompas.com/read/2026/10/03/180425378/bupati-bulungan-percepat-pembangunan-infrastruktur-di-bunyu-ada-pengaspalan,3 Oktober 2026
